INSERT INTO ADDRESS (id,street,AdditionalInfo, city_id) VALUES('1','Borgbjergvej 11','','999');
INSERT INTO ADDRESS (id,street,AdditionalInfo, city_id) VALUES('2','Hovedgaden 45','Postpubben','606');
INSERT INTO ADDRESS (id,street,AdditionalInfo, city_id) VALUES('3','Freja Boulevard 5','','963');
INSERT INTO ADDRESS (id,street,AdditionalInfo, city_id) VALUES('4','Lokes alle 14','','962');
INSERT INTO ADDRESS (id,street,AdditionalInfo, city_id) VALUES('5','Gudrunsvej 36','','853');
INSERT INTO ADDRESS (id,street,AdditionalInfo, city_id) VALUES('6','Roskildevej 9','','666');
INSERT INTO ADDRESS (id,street,AdditionalInfo, city_id) VALUES('7','Vesterbrogade 233','','777');
INSERT INTO ADDRESS (id,street,AdditionalInfo, city_id) VALUES('8','Lygten 57','','639');
INSERT INTO ADDRESS (id,street,AdditionalInfo, city_id) VALUES('9','Kirkestien 8','','978');
INSERT INTO ADDRESS (id,street,AdditionalInfo, city_id) VALUES('10','Parcelvej 45','','650');
INSERT INTO ADDRESS (id,street,AdditionalInfo, city_id) VALUES('11','Storegade 23','','666');
INSERT INTO ADDRESS (id,street,AdditionalInfo, city_id) VALUES('12','Rundforbivej 58','','650');

INSERT INTO INFO (email, address_id) VALUES('et@et.dk', '1');
INSERT INTO INFO (email, address_id) VALUES('to@to.dk', '2');
INSERT INTO INFO (email, address_id) VALUES('tre@tre.dk', '3');
INSERT INTO INFO (email, address_id) VALUES('fire@fire.dk', '4');
INSERT INTO INFO (email, address_id) VALUES('fem@fem.dk', '5');
INSERT INTO INFO (email, address_id) VALUES('seks@seks.dk', '6');
INSERT INTO INFO (email, address_id) VALUES('syv@syv.dk', '7');
INSERT INTO INFO (email, address_id) VALUES('otte@otte.dk', '8');
INSERT INTO INFO (email, address_id) VALUES('ni@ni.dk', '9');
INSERT INTO INFO (email, address_id) VALUES('ti@ti.dk', '10');
INSERT INTO INFO (email, address_id) VALUES('elve@elve.dk', '11');
INSERT INTO INFO (email, address_id) VALUES('tolv@tolv.dk', '12');

INSERT INTO PERSON (id,firstname,lastname) VALUES('1','Karl','Jensen');
INSERT INTO PERSON (id,firstname,lastname) VALUES('2','Marie','Currie');
INSERT INTO PERSON (id,firstname,lastname) VALUES('3','Adam','Knudsen');
INSERT INTO PERSON (id,firstname,lastname) VALUES('4','Jonas','Bond');
INSERT INTO PERSON (id,firstname,lastname) VALUES('5','Stefanie','Poulsen');
INSERT INTO PERSON (id,firstname,lastname) VALUES('6','Stine','Sonne');

INSERT INTO HOBBY (name,description) VALUES('Lystfiskeri','Lystfiskerklubben Ålen');
INSERT INTO HOBBY (name,description) VALUES('Bowling','Big Time Bowling');
INSERT INTO HOBBY (name,description) VALUES('Skiskydning','Shoot N Ski');
INSERT INTO HOBBY (name,description) VALUES('Golf','Skjoldenæsholm Golfklub');
INSERT INTO HOBBY (name,description) VALUES('Tennis','Åbenrå Tennis Klub');
INSERT INTO HOBBY (name,description) VALUES('Fodbold','Dynamo Tåstrup');
INSERT INTO HOBBY (name,description) VALUES('Badminton','Fjerbolden');
INSERT INTO HOBBY (name,description) VALUES('Judo','Vold skal der til');
INSERT INTO HOBBY (name,description) VALUES('Boksning','Bokseklubben Blå Øjne');

INSERT INTO COMPANY (id,name,description, cvr, numemployees,markedvalue) VALUES('7','Elgiganten','Elektronik varer','11111111','25','500000');
INSERT INTO COMPANY (id,name,description, cvr, numemployees,markedvalue) VALUES('8','Fona','Musik og DVDer','22222222','20','350000');
INSERT INTO COMPANY (id,name,description, cvr, numemployees,markedvalue) VALUES('9','Snack N Bite','Fastfood når den er bedst','33333333','8','150000');
INSERT INTO COMPANY (id,name,description, cvr, numemployees,markedvalue) VALUES('10','Herlev Smykker','Bling Bling til alle','44444444','4','75000');
INSERT INTO COMPANY (id,name,description, cvr, numemployees,markedvalue) VALUES('11','Fridolf Lamper','Lys når det er bedst','55555555','8','200000');
INSERT INTO COMPANY (id,name,description, cvr, numemployees,markedvalue) VALUES('12','Lyngby Trælast','Alt i træ','66666666','16','300000');

INSERT INTO PHONE (PhoneNumber,description, phone_id) VALUES('35111111','Privat', '1');
INSERT INTO PHONE (PhoneNumber,description, phone_id) VALUES('35222222','Privat' ,'2');
INSERT INTO PHONE (PhoneNumber,description, phone_id) VALUES('35333333','Privat', '3');
INSERT INTO PHONE (PhoneNumber,description, phone_id) VALUES('35444444','Privat', '4');
INSERT INTO PHONE (PhoneNumber,description, phone_id) VALUES('35555555','Mobil', '5');
INSERT INTO PHONE (PhoneNumber,description, phone_id) VALUES('35666666','Mobil', '6');
INSERT INTO PHONE (PhoneNumber,description, phone_id) VALUES('35777777','Mobil', '7');
INSERT INTO PHONE (PhoneNumber,description, phone_id) VALUES('35888888','Arbejdstelefon', '8');
INSERT INTO PHONE (PhoneNumber,description, phone_id) VALUES('35999999','Arbejdstelefon', '9');
INSERT INTO PHONE (PhoneNumber,description, phone_id) VALUES('36010010','Arbejdstelefon', '10');
INSERT INTO PHONE (PhoneNumber,description, phone_id) VALUES('37011011','Arbejdstelefon', '11');
INSERT INTO PHONE (PhoneNumber,description, phone_id) VALUES('38012012','Arbejdstelefon', '12');

